{"cameraMode":{"drawMode":0,"name":"Shaded","section":"Shading Mode"},"sceneLighting":false,"audioPlay":false,"sceneViewState":{"m_AlwaysRefresh":false,"showFog":true,"showSkybox":false,"showFlares":true,"showImageEffects":true,"showParticleSystems":true,"showVisualEffectGraphs":true,"m_FxEnabled":true},"in2DMode":false,"pivot":{"x":0.1759495735168457,"y":1.5421748161315919,"z":-0.10924625396728516},"rotation":{"x":0.005920113995671272,"y":0.9892854690551758,"z":-0.1398134082555771,"w":0.04186743497848511},"size":1.751423954963684,"orthographic":true}