{"cameraMode":{"drawMode":0,"name":"Shaded","section":"Shading Mode"},"sceneLighting":true,"audioPlay":false,"sceneViewState":{"m_AlwaysRefresh":false,"showFog":true,"showSkybox":true,"showFlares":true,"showImageEffects":true,"showParticleSystems":true,"showVisualEffectGraphs":true,"m_FxEnabled":true},"in2DMode":false,"pivot":{"x":14.116558074951172,"y":3.774761199951172,"z":19.737581253051759},"rotation":{"x":-0.21266546845436097,"y":0.4462758004665375,"z":-0.11006776243448258,"w":-0.8622657656669617},"size":13.384119987487793,"orthographic":false}