{"cameraMode":{"drawMode":0,"name":"Shaded","section":"Shading Mode"},"sceneLighting":true,"audioPlay":false,"sceneViewState":{"m_AlwaysRefresh":false,"showFog":true,"showSkybox":true,"showFlares":true,"showImageEffects":true,"showParticleSystems":true,"showVisualEffectGraphs":true,"m_FxEnabled":true},"in2DMode":false,"pivot":{"x":-2.0049901008605959,"y":0.5419173240661621,"z":7.8150410652160648},"rotation":{"x":-0.32551825046539309,"y":0.0360105074942112,"z":-0.012407388538122177,"w":-0.9447686076164246},"size":9.32846450805664,"orthographic":false}